variable,label
nt_ch_sev_stunt__Yes,Severely stunted child under 5 years (Yes)
nt_ch_stunt__Yes,Stunted child under 5 years (Yes)
nt_ch_sev_wast__Yes,Severely wasted child under 5 years (Yes)
nt_ch_wast__Yes,Wasted child under 5 years (Yes)
nt_ch_ovwt_ht__Yes,Overweight for height child under 5 years (Yes)
nt_ch_sev_underwt__Yes,Severely underweight child under 5 years (Yes)
nt_ch_underwt__Yes,Underweight child under 5 years (Yes)
nt_ch_ovwt_age__Yes,Overweight for age child under 5 years (Yes)
nt_ch_any_anem__Yes,Any anemia - child 6-59 months (Yes)
nt_ch_mild_anem__Yes,Mild anemia - child 6-59 months (Yes)
nt_ch_mod_anem__Yes,Moderate anemia - child 6-59 months (Yes)
nt_ch_sev_anem__Yes,Severe anemia - child 6-59 months (Yes)
rh_del_ces__Yes,Live births delivered by Caesarean (Yes)
rh_anc_pvskill__Yes,Skilled assistance during ANC (Yes)
rh_anc_4vs__Yes,Attended 4+ ANC visits (Yes)
rh_anc_4mo__Yes,Attended ANC <4 months of pregnancy (Yes)
rh_anc_iron__Yes,Took iron tablet/syrup during pregnancy of last birth (Yes)
rh_anc_parast__Yes,Took intestinal parasite drugs during pregnancy of last birth (Yes)
rh_anc_prgcomp__Yes,Informed of pregnancy complications during ANC visit (Yes)
rh_anc_bldpres__Yes,Blood pressure was taken during ANC visit (Yes)
rh_anc_urine__Yes,Urine sample was taken during ANC visit (Yes)
rh_anc_bldsamp__Yes,Blood sample was taken during ANC visit (Yes)
rh_anc_toxinj__Yes,Received 2+ tetanus injections during last pregnancy (Yes)
rh_prob_permit__Yes,Problem health care access: permission to go (Yes)
rh_prob_money__Yes,Problem health care access: getting money (Yes)
rh_prob_dist__Yes,Problem health care access: distance to facility (Yes)
rh_prob_alone__Yes,Problem health care access: not wanting to go alone (Yes)
rh_prob_minone__Yes,At least one problem in accessing health care (Yes)
rc_litr__Yes,Literate - higher than secondary or can read part or whole sentence (Yes)
rc_media_newsp__Yes,Reads a newspaper at least once a week (Yes)
rc_media_tv__Yes,Watches television at least once a week (Yes)
rc_media_radio__Yes,Listens to radio at least once a week (Yes)
rc_media_allthree__Yes,Accesses to all three media at least once a week (Yes)
rc_media_none__Yes,Accesses none of the three media at least once a week (Yes)
rc_intr_ever__Yes,Ever used the internet (Yes)
rc_intr_use12mo__Yes,Used the internet in the past 12 months (Yes)
rc_hins_ss__Yes,Health insurance coverage - social security (Yes)
rc_hins_empl__Yes,Health insurance coverage - other employer-based insurance (Yes)
rc_hins_comm__Yes,Health insurance coverage - mutual health org. or community-based insurance (Yes)
rc_hins_priv__Yes,Health insurance coverage - privately purchased commercial insurance (Yes)
rc_tobc_cig__Yes,Smokes cigarettes (Yes)
rc_tobc_other__Yes,Smokes other type of tobacco (Yes)
rc_tobc_smk_any__Yes,Smokes any type of tobacco (Yes)
rc_tobc_snuffn__Yes,Uses snuff smokeless tobacco by nose (Yes)
rc_tobc_chew__Yes,Chews tobacco (Yes)
rc_tobv_betel__Yes,Uses betel quid with tobacco (Yes)
rc_tobc_osmkless__Yes,Uses other type of smokeless tobacco (Yes)
rc_tobc_anysmkless__Yes,Uses any type of smokeless tobacco (Yes)
rc_tobc_any__Yes,Uses any type of tobacco - smoke or smokeless (Yes)
nt_wm_any_anem__Yes,Any anemia - women (Yes)
nt_wm_mild_anem__Yes,Mild anemia - women (Yes)
nt_wm_mod_anem__Yes,Moderate anemia - women (Yes)
nt_wm_sev_anem__Yes,Severe anemia - women (Yes)
nt_wm_ht__Yes,Height under 145cm - women (Yes)
nt_wm_norm__Yes,Normal BMI - women (Yes)
nt_wm_thin__Yes,Thin BMI - women (Yes)
nt_wm_mthin__Yes,Mildly thin BMI - women (Yes)
nt_wm_modsevthin__Yes,Moderately and severely thin BMI - women (Yes)
nt_wm_ovobese__Yes,Overweight or obese BMI - women (Yes)
nt_wm_ovwt__Yes,Overweight BMI - women (Yes)
nt_wm_obese__Yes,Obese BMI - women (Yes)
nt_wm_micro_dwm__Yes,Women who took deworming medication during last pregnancy (Yes)
ch_bcg_either__Yes,BCG vaccination according to either source (Yes)
ch_bcg_moth__Yes,BCG vaccination according to mother (Yes)
ch_bcg_card__Yes,BCG vaccination according to card (Yes)
ch_pent1_either__Yes,Pentavalent 1st dose vaccination according to either source (Yes)
ch_pent2_either__Yes,Pentavalent 2nd dose vaccination according to either source (Yes)
ch_pent3_either__Yes,Pentavalent 3rd dose vaccination according to either source (Yes)
ch_pent1_moth__Yes,Pentavalent 1st dose vaccination according to mother (Yes)
ch_pent2_moth__Yes,Pentavalent 2nd dose vaccination according to mother (Yes)
ch_pent3_moth__Yes,Pentavalent 3rd dose vaccination according to mother (Yes)
ch_pent1_card__Yes,Pentavalent 1st dose vaccination according to card (Yes)
ch_pent2_card__Yes,Pentavalent 2nd dose vaccination according to card (Yes)
ch_pent3_card__Yes,Pentavalent 3rd dose vaccination according to card (Yes)
ch_polio0_either__Yes,Polio at birth vaccination according to either source (Yes)
ch_polio1_either__Yes,Polio 1st dose vaccination according to either source (Yes)
ch_polio2_either__Yes,Polio 2nd dose vaccination according to either source (Yes)
ch_polio3_either__Yes,Polio 3rd dose vaccination according to either source (Yes)
ch_polio0_moth__Yes,Polio at birth vaccination according to mother (Yes)
ch_polio1_moth__Yes,Polio 1st dose vaccination according to mother (Yes)
ch_polio2_moth__Yes,Polio 2nd dose vaccination according to mother (Yes)
ch_polio3_moth__Yes,Polio 3rd dose vaccination according to mother (Yes)
ch_polio0_card__Yes,Polio at birth vaccination according to card (Yes)
ch_polio1_card__Yes,Polio 1st dose vaccination according to card (Yes)
ch_polio2_card__Yes,Polio 2nd dose vaccination according to card (Yes)
ch_polio3_card__Yes,Polio 3rd dose vaccination according to card (Yes)
ch_pneumo1_either__Yes,Pneumococcal 1st dose vaccination according to either source (Yes)
ch_pneumo2_either__Yes,Pneumococcal 2nd dose vaccination according to either source (Yes)
ch_pneumo3_either__Yes,Pneumococcal 3rd dose vaccination according to either source (Yes)
ch_pneumo1_moth__Yes,Pneumococcal 1st dose vaccination according to mother (Yes)
ch_pneumo2_moth__Yes,Pneumococcal 2nd dose vaccination according to mother (Yes)
ch_pneumo3_moth__Yes,Pneumococcal 3rd dose vaccination according to mother (Yes)
ch_pneumo1_card__Yes,Pneumococcal 1st dose vaccination according to card (Yes)
ch_pneumo2_card__Yes,Pneumococcal 2nd dose vaccination according to card (Yes)
ch_pneumo3_card__Yes,Pneumococcal 3rd dose vaccination according to card (Yes)
ch_rotav1_either__Yes,Rotavirus 1st dose vaccination according to either source (Yes)
ch_rotav2_either__Yes,Rotavirus 2nd dose vaccination according to either source (Yes)
ch_rotav3_either__Yes,Rotavirus 3rd dose vaccination according to either source (Yes)
ch_rotav1_moth__Yes,Rotavirus 1st dose vaccination according to mother (Yes)
ch_rotav2_moth__Yes,Rotavirus 2nd dose vaccination according to mother (Yes)
ch_rotav3_moth__Yes,Rotavirus 3rd dose vaccination according to mother (Yes)
ch_rotav1_card__Yes,Rotavirus 1st dose vaccination according to card (Yes)
ch_rotav2_card__Yes,Rotavirus 2nd dose vaccination according to card (Yes)
ch_rotav3_card__Yes,Rotavirus 3rd dose vaccination according to card (Yes)
ch_meas_either__Yes,Measles vaccination according to either source (Yes)
ch_meas_moth__Yes,Measles vaccination according to mother (Yes)
ch_meas_card__Yes,Measles vaccination according to card (Yes)
ch_allvac_either__Yes,All basic vaccinations according to either source (Yes)
ch_allvac_moth__Yes,All basic vaccinations according to mother (Yes)
ch_allvac_card__Yes,All basic vaccinations according to card (Yes)
ch_novac_either__Yes,No vaccinations according to either source (Yes)
ch_novac_moth__Yes,No vaccinations according to mother (Yes)
ch_novac_card__Yes,No vaccinations according to card (Yes)
ch_card_ever_had__Yes,Ever had a vaccination card (Yes)
ch_card_seen__Yes,Vaccination card seen (Yes)
ch_report_bw__Yes,Has a reported birth weight (Yes)
ch_below_2p5__Yes,Birth weight less than 2.5 kg (Yes)
ch_ari__Yes,ARI symptoms in the 2 weeks before the survey (Yes)
ch_ari_care__Yes,Advice or treatment sought for ARI symptoms (Yes)
ch_ari_care_day__Yes,Advice or treatment sought for ARI symptoms on the same or next day (Yes)
ch_ari_govh__Yes,ARI treatment sought from government hospital among children with ARI (Yes)
ch_ari_govh_trt__Yes,ARI treatment sought from government hospital among children with ARI that sought treatment (Yes)
ch_ari_govcent__Yes,ARI treatment sought from government health center among children with ARI (Yes)
ch_ari_govcent_trt__Yes,ARI treatment sought from government health center among children with ARI that sought treatment (Yes)
ch_ari_pclinc__Yes,ARI treatment sought from private hospital/clinic among children with ARI (Yes)
ch_ari_pclinc_trt__Yes,ARI treatment sought from private hospital/clinic among children with ARI that sought treatment (Yes)
ch_ari_pdoc__Yes,ARI treatment sought from private doctor  among children with ARI (Yes)
ch_ari_pdoc_trt__Yes,ARI treatment sought from private doctor among children with ARI that sought treatment (Yes)
ch_ari_pharm__Yes,ARI treatment sought from a pharmacy among children with ARI (Yes)
ch_ari_pharm_trt__Yes,ARI treatment sought from a pharmacy among children with ARI that sought treatment (Yes)
ch_fever__Yes,Fever symptoms in the 2 weeks before the survey (Yes)
ch_fev_care__Yes,Advice or treatment sought for fever symptoms (Yes)
ch_fev_care_day__Yes,Advice or treatment sought for fever symptoms on the same or next day (Yes)
nt_ch_micro_mp__Yes,Children age 6-23 mos given multiple micronutrient powder (Yes)
nt_ch_micro_iron__Yes,Children age 6-59 mos given iron supplements (Yes)
nt_ch_micro_vas__Yes,Children age 6-59 mos given Vit. A supplements (Yes)
nt_bf_ever__Yes,Ever breastfed - last-born in the past 2 years (Yes)
nt_bf_start_1hr__Yes,Started breastfeeding within one hour of birth - last-born in the past 2 years (Yes)
nt_bf_start_1day__Yes,Started breastfeeding within one day of birth - last-born in the past 2 years (Yes)
nt_bf_prelac__Yes,Received a prelacteal feed - last-born in the past 2 years ever breast fed (with birth record) - Not applicable (m55 missing) (Yes)
nt_bf_prelac_nobirthrecord__Yes,Received a prelacteal feed - last-born in the past 2 years ever breast fed (without birth record data) (Yes)
nt_bottle__Yes,Drank from a bottle with a nipple yesterday - under 2 years (Yes)
nt_bf_curr__Yes,Currently breastfeeding - last-born under 2 years (Yes)
nt_ebf__Yes,Exclusively breastfed - last-born under 6 months (Yes)
nt_predo_bf__Yes,Predominantly breastfed - last-born under 6 months (Yes)
nt_ageapp_bf__Yes,Age-appropriately breastfed - last-born under 2 years (Yes)
nt_food_bf__Yes,"Introduced to solid, semi-solid, or soft foods - last-born 6-8 months (Yes)"
nt_bf_cont_1yr__Yes,Continuing breastfeeding at 1 year (12-15 months) - last-born under 2 years (Yes)
nt_bf_cont_2yr__Yes,Continuing breastfeeding at 2 year (20-23 months) - last-born under 2 years (Yes)
nt_formula__Yes,Child given infant formula in day/night before survey - last-born under 2 years (Yes)
nt_milk__Yes,Child given other milk in day/night before survey- last-born under 2 years (Yes)
nt_liquids__Yes,Child given other liquids in day/night before survey- last-born under 2 years (Yes)
nt_bbyfood__Yes,Child given fortified baby food in day/night before survey- last-born under 2 years (Yes)
nt_grains__Yes,Child given grains in day/night before survey- last-born under 2 years (Yes)
nt_vita__Yes,Child given vitamin A rich food in day/night before survey- last-born under 2 years (Yes)
nt_frtveg__Yes,Child given other fruits or vegetables in day/night before survey- last-born under 2 years (Yes)
nt_root__Yes,Child given roots or tubers in day/night before survey- last-born under 2 years (Yes)
nt_nuts__Yes,Child given legumes or nuts in day/night before survey- last-born under 2 years (Yes)
nt_meatfish__Yes,"Child given meat, fish, shellfish, or poultry in day/night before survey- last-born under 2 years (Yes)"
nt_eggs__Yes,Child given eggs in day/night before survey- last-born under 2 years (Yes)
nt_dairy__Yes,"Child given cheese, yogurt, or other milk products in day/night before survey- last-born under 2 years (Yes)"
nt_solids__Yes,Child given any solid or semisolid food in day/night before survey- last-born under 2 years (Yes)
nt_fed_milk__Yes,Child given milk or milk products- last-born 6-23 months (Yes)
nt_mdd__Yes,"Child with minimum dietary diversity, 5 out of 8 food groups- last-born 6-23 months (Yes)"
nt_mmf__Yes,Child with minimum meal frequency- last-born 6-23 months (Yes)
nt_mad__Yes,Child with minimum acceptable diet- last-born 6-23 months (Yes)
nt_ch_micro_vaf__Yes,Youngest children age 6-23 mos living with mother given Vit A rich food (Yes)
nt_ch_micro_irf__Yes,Youngest children age 6-23 mos living with mother given iron rich food (Yes)
ms_afm_15__Yes,First marriage by age 15 (Yes)
ms_afm_18__Yes,First marriage by age 18 (Yes)
ms_afm_20__Yes,First marriage by age 20 (Yes)
ms_afm_22__Yes,First marriage by age 22 (Yes)
ms_afm_25__Yes,First marriage by age 25 (Yes)
ms_sex_never__Yes,Never had sex (Yes)
ms_afs_15__Yes,First sex by age 15 (Yes)
ms_afs_18__Yes,First sex by age 18 (Yes)
ms_afs_20__Yes,First sex by age 20 (Yes)
ms_afs_22__Yes,First sex by age 22 (Yes)
ms_afs_25__Yes,First sex by age 25 (Yes)
dm_cooking_fuel_traditional__Yes,using traditional cooking fuel (Yes)
dm_decide_health_self__Yes,Decides on own health care either alone or jointly with partner (Yes)
dm_decide_hhpurch_self__Yes,Decides on large household purchases either alone or jointly with partner (Yes)
dm_decide_visits_self__Yes,Decides on visits to family or relatives either alone or jointly with partner (Yes)
dm_decide_all__Yes,"Decides on all three: health, purchases, and visits  either alone or jointly with partner (Yes)"
dm_decide_none__Yes,Does not decide on any of the three decisions either alone or jointly with partner (Yes)
dm_dvjustify_burn__Yes,Agree that husband is justified in hitting or beating his wife if she burns food (Yes)
dm_dvjustify_argue__Yes,Agree that husband is justified in hitting or beating his wife if she argues with him (Yes)
dm_dvjustify_goout__Yes,Agree that husband is justified in hitting or beating his wife if she goes out without telling him (Yes)
dm_dvjustify_neglect__Yes,Agree that husband is justified in hitting or beating his wife if she neglects the children (Yes)
dm_dvjustify_refusesex__Yes,Agree that husband is justified in hitting or beating his wife if she refuses to have sexual intercourse with him (Yes)
dm_dvjustify_onereas__Yes,Agree that husband is justified in hitting or beating his wife for at least one of the reasons (Yes)
dm_justify_refusesex__Yes,Believe a woman is justified to refuse sex with her husband if she knows he's having sex with other women (Yes)
dm_justify_cond__Yes,Believe a women is justified in asking that her husband to use a condom if she knows that he has an STI (Yes)
dm_havesay_refusesex__Yes,Can say no to their husband if they do not want to have sexual intercourse (Yes)
dm_havesay_condom__Yes,Can ask their husband to use a condom (Yes)
dm_rural__Yes,living in rural area (Yes)
dm_town__Yes,living in small town (Yes)
dm_city__Yes,living in medium city (Yes)
dm_capital__Yes,living in capital city (Yes)
dm_refrigerator__Yes,owns refrigerator (Yes)
dm_female_headed__Yes,female headed household (Yes)
ph_electric__Yes,Have electricity (Yes)
ph_cook_solid__Yes,Using solid fuel for cooking (Yes)
ph_cook_clean__Yes,Using clean fuel for cooking (Yes)
ph_radio__Yes,Owns a radio (Yes)
ph_tv__Yes,Owns a TV (Yes)
ph_mobile__Yes,Owns a mobile phone (Yes)
ph_tel__Yes,Owns a non-mobile telephone (Yes)
ph_frig__Yes,Owns a refrigerator (Yes)
ph_bike__Yes,Owns a bicycle (Yes)
ph_cart__Yes,Owns an animal drawn cart (Yes)
ph_moto__Yes,Owns a motorcycle/scooter (Yes)
ph_car__Yes,Owns a car or truck (Yes)
ph_boat__Yes,Owns a boat with a motor (Yes)
ph_agriland__Yes,Owns agricultural land (Yes)
ph_animals__Yes,Owns livestock or farm animals (Yes)
